RegionID,Label,Feature1,Feature2,Feature3
2,book,58.2866,0.756335,-1.35172
3,book,37.5661,0.428571,-1.26211
2,brush,69.4777,2.18343,0.17039
3,brush,81.25,2,0.0596933
2,scissor,27.523,2.58621,0.198172
3,scissor,100,1.33333,0
4,scissor,100,1,0
5,scissor,100,1,0
6,scissor,100,1.33333,0
7,scissor,100,1,0
8,scissor,100,1,0
2,phone,87.0416,1.53371,0.132222
2,pen,22.6424,0.503846,1.12947
3,pen,100,1,0
2,hair tweezer,17.8626,0.565789,1.11461
3,hair tweezer,100,1,0
